Pop,Data,AAF,RAF,ALT,REF,Country,Longitude,Latitude
ESN,1000GENOMES,0.076,0.924,A,G,"Edo, Nigeria",5.9722713,6.6076575
GWD,1000GENOMES,0.08,0.92,A,G,Gambia,-15.4900464,13.470062
LWK,1000GENOMES,0.076,0.924,A,G,Kenya,38.4313975,1.4419683
MSL,1000GENOMES,0.059000000000000004,0.941,A,G,Sierra Leon,-11.8400269,8.6400349
YRI,1000GENOMES,0.046,0.9540000000000001,A,G,"Ibadan, Nigeria",3.8972497,7.3777462
CLM,1000GENOMES,0.574,0.426,A,G,Colombia,-73.783892,2.8894434
MXL,1000GENOMES,0.49200000000000005,0.508,A,G,Mexico,-99.1331785,19.4326296
PEL,1000GENOMES,0.441,0.5589999999999999,A,G,Peru,-75.0458515,-6.8699697
PUR,1000GENOMES,0.5479999999999999,0.452,A,G,Puerto Rico,-66.41328179513847,18.2214149
CDX,1000GENOMES,0.215,0.785,A,G,"Xishuangbanna, China",100.7960029,22.0107549
CHB,1000GENOMES,0.29100000000000004,0.7090000000000001,A,G,"Beijing, China",116.718583,39.9020668
CHS,1000GENOMES,0.22399999999999998,0.7759999999999999,A,G,China,104.999927,35.000074
JPT,1000GENOMES,0.26,0.74,A,G,Japan,139.2394179,36.5748441
KHV,1000GENOMES,0.207,0.7929999999999999,A,G,Vietnam,108.4265113,13.2904027
CEU,1000GENOMES,0.722,0.278,A,G,"Utah, USA",-111.7143584,39.4225192
FIN,1000GENOMES,0.687,0.313,A,G,Finland,25.9209164,63.2467777
GBR,1000GENOMES,0.736,0.264,A,G,Scotland,-4.1140518,56.7861112
IBS,1000GENOMES,0.7340000000000001,0.266,A,G,Spain,-4.8380649,39.3262345
TSI,1000GENOMES,0.7340000000000001,0.266,A,G,Italy,12.674297,42.6384261
BEB,1000GENOMES,0.43,0.57,A,G,Bangladesh,90.2932426,24.4768783
ITU,1000GENOMES,0.451,0.5489999999999999,A,G,India,78.6677428,22.3511148
PJL,1000GENOMES,0.5,0.5,A,G,Pakistan,71.247499,30.3308401
STU,1000GENOMES,0.42200000000000004,0.578,A,G,Sri Lanka,80.7137847,7.5554942
